"vendor_number","vendor_name","invoice_date","po_number","po_date","pay_date","quantity","dollars","freight","approval"
"105","ALTAMAR BRANDS LLC         ","2016-01-04","8124","2015-12-21","2016-02-16","6","214.26","3.47","None"
"4466","AMERICAN VINTAGE BEVERAGE  ","2016-01-07","8137","2015-12-22","2016-02-21","15","140.55","8.57","None"
"388","ATLANTIC IMPORTING COMPANY ","2016-01-09","8169","2015-12-24","2016-02-16","5","106.6","4.61","None"
"480","BACARDI USA INC            ","2016-01-12","8106","2015-12-20","2016-02-05","10100","137483.78","2935.2","None"
"516","BANFI PRODUCTS CORP        ","2016-01-07","8170","2015-12-24","2016-02-12","1935","15527.25","429.2","None"
"2396","BLACK PRINCE DISTILLERY INC","2016-01-08","8191","2015-12-25","2016-02-06","23","234.83","2.3","None"
"1128","BROWN-FORMAN CORP          ","2016-01-09","8150","2015-12-23","2016-02-19","4684","65403.57","1808.77","None"
"1189","BULLY BOY DISTILLERS       ","2016-01-09","8171","2015-12-24","2016-02-04","6","132.3","5.29","None"
"1273","CALEDONIA SPIRITS INC      ","2016-01-06","8172","2015-12-24","2016-02-15","5","146.8","15.53","None"
"11567","CAMPARI AMERICA            ","2016-01-06","8151","2015-12-23","2016-02-20","1321","12039.71","398.71","None"
"90046","CANDIA VINEYARDS           ","2016-01-05","8107","2015-12-20","2016-02-10","24","348.72","9.08","None"
"1485","CASTLE BRANDS CORP.        ","2016-01-08","8152","2015-12-23","2016-02-19","320","5420.41","179.26","None"
"2876","CENTEUR IMPORTS LLC        ","2016-01-08","8125","2015-12-21","2016-02-07","12","105.36","0.5","None"
"4380","CHARLES JACQUIN ET CIE INC ","2016-01-06","8153","2015-12-23","2016-02-12","96","907.69","41.05","None"
"1392","CONSTELLATION BRANDS INC   ","2016-01-11","8108","2015-12-20","2016-02-10","8466","60281.13","1549.81","None"
"90047","CRUSH WINES                ","2016-01-07","8126","2015-12-21","2016-02-21","90","854.1","16.7","None"
"2242","DELICATO VINEYARDS INC     ","2016-01-06","8139","2015-12-22","2016-02-10","808","6646.46","127.05","None"
"1590","DIAGEO CHATEAU ESTATE WINES","2016-01-12","8109","2015-12-20","2016-02-11","2246","14298.09","408.72","None"
"3960","DIAGEO NORTH AMERICA INC   ","2016-01-10","8173","2015-12-24","2016-02-19","16602","180644.92","5972.45","None"
"2555","DISARONNO INTERNATIONAL LLC","2016-01-11","8192","2015-12-25","2016-02-17","385","3506.41","146.86","None"
"2450","DJINN SPIRITS LLC          ","2016-01-11","8140","2015-12-22","2016-02-11","12","199.92","10.05","None"
"2496","DUGGANS DISTILLED PRODUCTS ","2016-01-06","8174","2015-12-24","2016-02-10","24","418.8","11.39","None"
"3252","E & J GALLO WINERY         ","2016-01-09","8110","2015-12-20","2016-02-19","8086","56493.23","1300.92","None"
"2561","EDRINGTON AMERICAS         ","2016-01-08","8175","2015-12-24","2016-02-10","136","5645.24","218.18","None"
"1655","FABRIZIA SPIRITS LLC       ","2016-01-04","8194","2015-12-25","2016-02-05","46","394.04","16","None"
"17031","FLAG HILL WINERY & VINEYARD","2016-01-06","8154","2015-12-23","2016-02-06","94","1357.24","62.5","None"
"90011","FORTUNE WINE BROKERS LLC   ","2016-01-11","8141","2015-12-22","2016-02-14","23","226.95","4.88","None"
"9744","FREDERICK WILDMAN & SONS   ","2016-01-06","8176","2015-12-24","2016-02-12","1222","8610.71","212.93","None"
"3924","HEAVEN HILL DISTILLERIES   ","2016-01-08","8155","2015-12-23","2016-02-15","818","7079.02","200.02","None"
"3950","HOOD RIVER DISTILLERS, Inc.","2016-01-08","8195","2015-12-25","2016-02-07","6","129.48","3.44","None"
"90053","INCREDIBREW INC            ","2016-01-12","8178","2015-12-24","2016-02-12","48","416.64","5.65","None"
"17032","JEWELL TOWNE VINEYARDS     ","2016-01-10","8111","2015-12-20","2016-02-04","24","185.4","9.5","None"
"12546","JIM BEAM BRANDS COMPANY    ","2016-01-06","8142","2015-12-22","2016-02-19","11611","151890.49","3506.08","None"
"4550","KLIN SPIRITS LLC           ","2016-01-07","8196","2015-12-25","2016-02-17","7","98.49","9.65","None"
"4692","KOBRAND CORPORATION        ","2016-01-11","8112","2015-12-20","2016-02-06","427","5336.48","185.93","None"
"90032","LABELLE VYDS AND WINERY    ","2016-01-06","8156","2015-12-23","2016-02-11","92","1044.4","41.13","None"
"4848","LAIRD & CO                 ","2016-01-07","8143","2015-12-22","2016-02-06","12","120.72","13.91","None"
"4950","LATITUDE BEVERAGE COMPANY  ","2016-01-07","8179","2015-12-24","2016-02-06","153","879.42","19.68","None"
"8352","LUXCO INC                  ","2016-01-08","8113","2015-12-20","2016-02-07","819","6139.47","196.61","None"
"9552","M S WALKER INC             ","2016-01-10","8157","2015-12-23","2016-02-09","8061","68620.75","1591.5","None"
"10000","MAJESTIC FINE WINES        ","2016-01-09","8128","2015-12-21","2016-02-17","875","7234.88","218.05","None"
"5455","MARSALLE COMPANY           ","2016-01-08","8158","2015-12-23","2016-02-13","12","333.6","14.36","None"
"4425","MARTIGNETTI COMPANIES ","2016-01-06","8160","2015-12-23","2016-02-06","24","193.8","11.38","None"
"4425","MARTIGNETTI COMPANIES","2016-01-05","8159","2015-12-23","2016-02-13","16075","185155.6","4613.45","None"
"5992","MCCORMICK DISTILLING CO    ","2016-01-10","8130","2015-12-21","2016-02-05","90","892.9","42.4","None"
"6213","MHW LTD                    ","2016-01-09","8144","2015-12-22","2016-02-04","412","4821.83","177.5","None"
"8112","MOET HENNESSY USA INC      ","2016-01-08","8180","2015-12-24","2016-02-06","1392","31015.8","938.79","None"
"6215","MOONLIGHT MEADERY          ","2016-01-09","8161","2015-12-23","2016-02-10","35","322.04","9.02","None"
"6355","NICHE W & S                ","2016-01-05","8162","2015-12-23","2016-02-14","137","425.1","13.08","None"
"6359","OLE SMOKY DISTILLERY LLC   ","2016-01-10","8131","2015-12-21","2016-02-13","134","1914.01","31.53","None"
"6785","PALM BAY INTERNATIONAL INC ","2016-01-08","8114","2015-12-20","2016-02-14","715","5533.18","242.73","None"
"10754","PERFECTA WINES             ","2016-01-10","8115","2015-12-20","2016-02-10","2398","20861.33","633.9","None"
"17035","PERNOD RICARD USA          ","2016-01-05","8181","2015-12-24","2016-02-11","5772","80916.64","2703.94","None"
"9206","PHILLIPS PRODUCTS CO.      ","2016-01-06","8116","2015-12-20","2016-02-07","193","920.39","34.73","None"
"7153","PINE STATE TRADING CO      ","2016-01-04","8132","2015-12-21","2016-02-05","2334","15276.52","338.2","None"
"90027","POVERTY LANE ORCHARDS      ","2016-01-11","8117","2015-12-20","2016-02-09","46","364.06","9.27","None"
"7154","PREMIER DISTRIBUTORS       ","2016-01-05","8197","2015-12-25","2016-02-14","11","176.11","12.08","None"
"7245","PROXIMO SPIRITS INC.       ","2016-01-08","8145","2015-12-22","2016-02-13","3123","34457.73","943.77","None"
"7255","PSP WINES ","2016-01-11","8198","2015-12-25","2016-02-12","11","66.33","6.09","None"
"7239","REMY COINTREAU USA INC     ","2016-01-08","8163","2015-12-23","2016-02-18","382","7515.38","348.07","None"
"10050","Russian Standard Vodka     ","2016-01-06","8118","2015-12-20","2016-02-20","222","621.36","14.08","None"
"8004","SAZERAC CO INC             ","2016-01-10","8199","2015-12-25","2016-02-20","6283","57738.64","1206.72","None"
"660","SAZERAC NORTH AMERICA INC. ","2016-01-10","8200","2015-12-25","2016-02-10","1393","10819.92","317.76","None"
"8150","SEA HAGG DISTILLERY LLC    ","2016-01-11","8182","2015-12-24","2016-02-05","5","111.05","3.39","None"
"98450","Serralles Usa LLC          ","2016-01-08","8165","2015-12-23","2016-02-17","26","376.36","17.21","None"
"8320","SHAW ROSS INT L IMP LTD    ","2016-01-08","8166","2015-12-23","2016-02-11","279","2392.18","51.37","None"
"3089","SIDNEY FRANK IMPORTING CO  ","2016-01-06","8183","2015-12-24","2016-02-04","379","4443.66","133.83","None"
"2000","SOUTHERN WINE & SPIRITS NE ","2016-01-05","8185","2015-12-24","2016-02-04","1479","12709.58","397.04","None"
"8663","STAR INDUSTRIES INC.       ","2016-01-11","8119","2015-12-20","2016-02-13","12","196.92","0.93","None"
"653","STATE WINE & SPIRITS   ","2016-01-08","8201","2015-12-25","2016-02-13","541","5544.89","303.7","None"
"8673","STE MICHELLE WINE ESTATES  ","2016-01-05","8134","2015-12-21","2016-02-06","3008","21379.98","571.07","None"
"8664","STOLI GROUP,(USA) LLC      ","2016-01-12","8202","2015-12-25","2016-02-04","975","14299.98","349.02","None"
"8735","SURVILLE ENTERPRISES CORP  ","2016-01-11","8135","2015-12-21","2016-02-08","29","296.47","7.14","None"
"90056","SWEET BABY VINEYARD        ","2016-01-06","8146","2015-12-22","2016-02-05","118","988.6","5.04","None"
"8920","TAKARA SAKE USA INC        ","2016-01-04","8120","2015-12-20","2016-02-06","12","55.08","3.62","None"
"28776","TALL SHIP DISTILLERY LLC   ","2016-01-08","8121","2015-12-20","2016-02-11","6","133.26","10.59","None"
"9819","TREASURY WINE ESTATES      ","2016-01-05","8147","2015-12-22","2016-02-17","1263","7808.74","243.38","None"
"8892","TRINCHERO FAMILY ESTATES   ","2016-01-09","8148","2015-12-22","2016-02-09","2089","11651.54","403.44","None"
"9165","ULTRA BEVERAGE COMPANY LLP ","2016-01-07","8203","2015-12-25","2016-02-13","6002","59168.69","1683.03","None"
"9751","VINEDREA WINES LLC         ","2016-01-09","8204","2015-12-25","2016-02-15","6","136.32","1.23","None"
"90010","VINEXTRA INC               ","2016-01-04","8205","2015-12-25","2016-02-06","24","176.04","9.41","None"
"1587","VINEYARD BRANDS INC        ","2016-01-04","8187","2015-12-24","2016-02-16","497","3441.66","83.57","None"
"90024","VINILANDIA USA             ","2016-01-12","8149","2015-12-22","2016-02-21","145","1126.4","44.36","None"
"1601","VRANKEN AMERICA            ","2016-01-12","8188","2015-12-24","2016-02-07","28","393.52","22.66","None"
"9622","WEIN BAUER INC             ","2016-01-08","8189","2015-12-24","2016-02-13","12","228.96","4.76","None"
"9625","WESTERN SPIRITS BEVERAGE CO","2016-01-06","8168","2015-12-23","2016-02-14","795","8657.44","169.46","None"
"3664","WILLIAM GRANT & SONS INC   ","2016-01-11","8136","2015-12-21","2016-02-14","1118","20144.32","617.13","None"
"9815","WINE GROUP INC             ","2016-01-06","8190","2015-12-24","2016-02-08","3532","21330.38","580.64","None"
"90058","ZORVINO VINEYARDS          ","2016-01-09","8206","2015-12-25","2016-02-12","23","186.93","21.04","None"
"105","ALTAMAR BRANDS LLC         ","2016-01-17","8234","2015-12-29","2016-02-22","12","428.52","2.19","None"
"4466","AMERICAN VINTAGE BEVERAGE  ","2016-01-19","8207","2015-12-27","2016-02-26","335","3142.33","16.97","None"
"287","APPOLO VINEYARDS LLC       ","2016-01-13","8287","2016-01-01","2016-02-18","12","124.8","0.66","None"
"388","ATLANTIC IMPORTING COMPANY ","2016-01-11","8249","2015-12-30","2016-02-18","95","2025.4","10.73","None"
"480","BACARDI USA INC            ","2016-01-19","8288","2016-01-01","2016-02-18","32463","396606.13","1864.05","Frank Delahunt"
"516","BANFI PRODUCTS CORP        ","2016-01-14","8208","2015-12-27","2016-02-21","5458","41823.14","204.93","None"
"2396","BLACK PRINCE DISTILLERY INC","2016-01-15","8209","2015-12-27","2016-02-13","48","490.08","2.5","None"
"1003","BRONCO WINE COMPANY        ","2016-01-15","8250","2015-12-30","2016-02-22","24","104.1","0.57","None"
"1128","BROWN-FORMAN CORP          ","2016-01-15","8210","2015-12-27","2016-02-25","23351","298902.89","1494.51","Frank Delahunt"
"1189","BULLY BOY DISTILLERS       ","2016-01-17","8220","2015-12-28","2016-02-12","12","264.6","1.19","None"
"1273","CALEDONIA SPIRITS INC      ","2016-01-16","8211","2015-12-27","2016-02-16","56","1745.29","9.08","None"
