InventoryId,Store,Brand,Description,Size,SalesQuantity,SalesDollars,SalesPrice,SalesDate,Volume,Classification,ExciseTax,VendorNo,VendorName
1_HARDERSFIELD_1004,1,1004,Jim Beam w/2 Rocks Glasses,750mL,1,16.49,16.49,1/1/2016,750,1,0.79,12546,JIM BEAM BRANDS COMPANY    
1_HARDERSFIELD_1004,1,1004,Jim Beam w/2 Rocks Glasses,750mL,2,32.98,16.49,1/2/2016,750,1,1.57,12546,JIM BEAM BRANDS COMPANY    
1_HARDERSFIELD_1004,1,1004,Jim Beam w/2 Rocks Glasses,750mL,1,16.49,16.49,1/3/2016,750,1,0.79,12546,JIM BEAM BRANDS COMPANY    
1_HARDERSFIELD_1004,1,1004,Jim Beam w/2 Rocks Glasses,750mL,1,14.49,14.49,1/8/2016,750,1,0.79,12546,JIM BEAM BRANDS COMPANY    
1_HARDERSFIELD_1005,1,1005,Maker's Mark Combo Pack,375mL 2 Pk,2,69.98,34.99,1/9/2016,375,1,0.79,12546,JIM BEAM BRANDS COMPANY    
1_HARDERSFIELD_1005,1,1005,Maker's Mark Combo Pack,375mL 2 Pk,1,34.99,34.99,1/15/2016,375,1,0.39,12546,JIM BEAM BRANDS COMPANY    
1_HARDERSFIELD_1005,1,1005,Maker's Mark Combo Pack,375mL 2 Pk,1,34.99,34.99,1/22/2016,375,1,0.39,12546,JIM BEAM BRANDS COMPANY    
1_HARDERSFIELD_1005,1,1005,Maker's Mark Combo Pack,375mL 2 Pk,1,34.99,34.99,1/30/2016,375,1,0.39,12546,JIM BEAM BRANDS COMPANY    
1_HARDERSFIELD_10058,1,10058,F Coppola Dmd Ivry Cab Svgn,750mL,4,59.96,14.99,1/5/2016,750,2,0.45,2000,SOUTHERN WINE & SPIRITS NE 
1_HARDERSFIELD_10058,1,10058,F Coppola Dmd Ivry Cab Svgn,750mL,1,14.99,14.99,1/6/2016,750,2,0.11,2000,SOUTHERN WINE & SPIRITS NE 