"vendor_sk","vendor_number","vendor_name"
"1",2,"IRA GOLDMAN AND WILLIAMS, LLP"
"2",54,"AAPER ALCOHOL & CHEMICAL CO"
"3",60,"ADAMBA IMPORTS INTL INC"
"4",105,"ALTAMAR BRANDS LLC"
"5",200,"AMERICAN SPIRITS EXCHANGE"
"6",287,"APPOLO VINEYARDS LLC"
"7",388,"ATLANTIC IMPORTING COMPANY"
"8",480,"BACARDI USA INC"
"9",516,"BANFI PRODUCTS CORP"
"10",653,"STATE WINE & SPIRITS"
"11",660,"SAZERAC NORTH AMERICA INC."
"12",1002,"BERNIKO LLC"
"13",1003,"BRONCO WINE COMPANY"
"14",1128,"BROWN-FORMAN CORP"
"15",1189,"BULLY BOY DISTILLERS"
"16",1265,"BLACK ROCK SPIRITS LLC"
"17",1273,"CALEDONIA SPIRITS INC"
"18",1392,"CONSTELLATION BRANDS INC"
"19",1439,"CAPSTONE INTERNATIONAL"
"20",1485,"CASTLE BRANDS CORP."
"21",1587,"VINEYARD BRANDS LLC"
"22",1590,"DIAGEO CHATEAU ESTATE WINES"
"23",1601,"VRANKEN AMERICA"
"24",1650,"Circa Wines"
"25",1655,"FABRIZIA SPIRITS LLC"
"26",1703,"ALISA CARR BEVERAGES"
"27",2000,"SOUTHERN WINE & SPIRITS NE"
"28",2242,"DELICATO VINEYARDS INC"
"29",2396,"BLACK PRINCE DISTILLERY INC"
"30",2450,"DJINN SPIRITS LLC"
"31",2496,"DUGGANS DISTILLED PRODUCTS"
"32",2555,"DISARONNO INTERNATIONAL LLC"
"33",2561,"EDRINGTON AMERICAS"
"34",2876,"CENTEUR IMPORTS LLC"
"35",2973,"FLEMISH LION LLC"
"36",3089,"SIDNEY FRANK IMPORTING CO"
"37",3252,"E & J GALLO WINERY"
"38",3551,"GILMANTON WINERY & VINEYARD"
"39",3664,"WILLIAM GRANT & SONS INC"
"40",3670,"HALO DISTILLERY"
"41",3924,"HEAVEN HILL DISTILLERIES"
"42",3950,"HOOD RIVER DISTILLERS, Inc."
"43",3951,"HIGHLAND WINE MERCHANTS LLC"
"44",3960,"DIAGEO NORTH AMERICA INC"
"45",4380,"CHARLES JACQUIN ET CIE INC"
"46",4425,"MARTIGNETTI COMPANIES"
"47",4466,"AMERICAN VINTAGE BEVERAGE"
"48",4550,"KLIN SPIRITS LLC"
"49",4692,"KOBRAND CORPORATION"
"50",4848,"LAIRD & CO"
"51",4901,"LAUREATE IMPORTS CO"
"52",4950,"LATITUDE BEVERAGE COMPANY"
"53",5083,"LOYAL DOG WINERY"
"54",5270,"MANGO BOTTLING INC"
"55",5455,"MARSALLE COMPANY"
"56",5612,"MILTONS DISTRIBUTING CO"
"57",5895,"Mizkan Americas, Inc."
"58",5992,"MCCORMICK DISTILLING CO"
"59",6213,"MHW LTD"
"60",6215,"MOONLIGHT MEADERY"
"61",6280,"UNCORKED"
"62",6355,"NICHE W & S"
"63",6359,"OLE SMOKY DISTILLERY LLC"
"64",6785,"PALM BAY INTERNATIONAL INC"
"65",6830,"PARK STREET IMPORTS LLC"
"66",7153,"PINE STATE TRADING CO"
"67",7154,"PREMIER DISTRIBUTORS"
"68",7239,"REMY COINTREAU USA INC"
"69",7240,"PREMIUM PORT WINES, INC."
"70",7245,"PROXIMO SPIRITS INC."
"71",7255,"PSP WINES"
"72",7749,"R.P.IMPORTS INC"
"73",8004,"SAZERAC CO INC"
"74",8112,"MOET HENNESSY USA INC"
"75",8150,"SEA HAGG DISTILLERY LLC"
"76",8320,"SHAW ROSS INT L IMP LTD"
"77",8352,"LUXCO INC"
"78",8663,"STAR INDUSTRIES INC."
"79",8664,"STOLI GROUP,(USA) LLC"
"80",8673,"STE MICHELLE WINE ESTATES"
"81",8735,"SURVILLE ENTERPRISES CORP"
"82",8892,"TRINCHERO FAMILY ESTATES"
"83",8920,"TAKARA SAKE USA INC"
"84",9099,"TRUETT HURST"
"85",9165,"ULTRA BEVERAGE COMPANY LLP"
"86",9206,"PHILLIPS PRODUCTS CO."
"87",9260,"TY KU LLC"
"88",9552,"M S WALKER INC"
"89",9622,"WEIN BAUER INC"
"90",9625,"WESTERN SPIRITS BEVERAGE CO"
"91",9710,"WHYTE & MACKAY"
"92",9744,"FREDERICK WILDMAN & SONS"
"93",9751,"VINEDREA WINES LLC"
"94",9815,"WINE GROUP INC"
"95",9819,"TREASURY WINE ESTATES"
"96",10000,"MAJESTIC FINE WINES"
"97",10050,"Russian Standard Vodka"
"98",10754,"PERFECTA WINES"
"99",11567,"CAMPARI AMERICA"
"100",12331,"STELLAR IMPORTING CO LLC"
